{"capDev": 0, "cameraMatrix": [[619.4922873023997, 0.0, 328.0077629533111], [0.0, 621.2506076322636, 243.13230642095087], [0.0, 0.0, 1.0]], "distCoeffs": [[0.12661507388864726, -0.29126964561913415, -0.0001904415604775124, 0.0013527067062706125, 0.2881016589328519]], "colorMode": 0, "arucoDictArg": 0, "markerLength": 0.1}